{"cameraMode":{"drawMode":0,"name":"Shaded","section":"Shading Mode"},"sceneLighting":false,"audioPlay":false,"sceneViewState":{"showFog":true,"showMaterialUpdate":false,"showSkybox":false,"showFlares":true,"showImageEffects":true,"showParticleSystems":true},"in2DMode":false,"pivot":{"x":-3.2899999618530275,"y":6.067995071411133,"z":-1.4901161193847657e-7},"rotation":{"x":-0.18410605192184449,"y":-0.10827188938856125,"z":0.020408837124705316,"w":-0.9767116904258728},"size":3.5100018978118898,"orthographic":false}