{"cameraMode":{"drawMode":0,"name":"Shaded","section":"Shading Mode"},"sceneLighting":false,"audioPlay":false,"sceneViewState":{"showFog":true,"showMaterialUpdate":false,"showSkybox":false,"showFlares":true,"showImageEffects":true,"showParticleSystems":true},"in2DMode":false,"pivot":{"x":0.0,"y":2.093158721923828,"z":0.05995607376098633},"rotation":{"x":-0.18410605192184449,"y":-0.10827188938856125,"z":0.020408837124705316,"w":-0.9767116904258728},"size":3.463528633117676,"orthographic":false}